approach,term,vocabulary
Acupuncture,Acupuncture,"Natural Medicines,Integrative Nursing, NCCIH, MESH, Mayo, Duke, Cochrane"
Acupuncture,Acupuntura,Natural Medicines
Acupuncture,Acuponcture,Natural Medicines
Acupuncture,Acuponcture Chinoise,Natural Medicines
Acupuncture,Chinese Acupuncture,Natural Medicines
Acupuncture Analgesia,Acupuncture Analgesia,MESH
Acustimulation,Acustimulation,Natural Medicines
Aikido,Aikido,Natural Medicines
Alexander Technique,Alexander Technique,Natural Medicines
Alexander Technique,Technique Alexander,Natural Medicines
Animal Assisted Therapy,Animal Assisted Therapy,"Natural Medicines,Integrative Nursing, Lindquist, Mayo"
Animal Assisted Therapy,Canine-Assisted Therapy,Natural Medicines
Animal Assisted Therapy,Pet-Assisted Therapy,Natural Medicines
Animal Assisted Therapy,Pet-Facilitated Therapy,Natural Medicines
Animal Assisted Therapy,Animal-Assisted Activities,Natural Medicines
Animal Assisted Therapy,Animal-Assisted Intervention,Natural Medicines
Animal Assisted Therapy,Pet Therapy,Natural Medicines
Animal Assisted Therapy,Animal-Assisted Education,Natural Medicines
Animal Assisted Therapy,Animal-Facilitated Therapy,Natural Medicines
Anodyne Therapy,Anodyne Therapy,Natural Medicines
Anthroposophy,Anthroposophy,"MESH, Duke"
Applied Kinesiology,Applied Kinesiology,"Natural Medicines,Integrative Nursing, NCCIH, Lindquist"
Aquatic exercise,Aquatic exercise,Natural Medicines
Aquatic exercise,Aquatic Physical Therapy,Natural Medicines
Aquatic exercise,Motion-Based Hydrotherapy,Natural Medicines
Aquatic exercise,Pool Therapy,Natural Medicines
Aromatherapy,Aromatherapy,Natural Medicines
Aromatherapy,Aromatic Therapy,Natural Medicines
Aromatherapy,Aroma Treatment,Natural Medicines
Aromatherapy,Aroma,Natural Medicines
Aromatherapy,Aromaterapia,Natural Medicines
Aromatherapy,Aroma Therapy,Natural Medicines
Art of Living,Art of Living,Natural Medicines
Art of Living,Art of Living Foundation,Natural Medicines
Art therapy,Art therapy,"Natural Medicines,Integrative Nursing, Mayo, Duke, Cochrane, MESH"
Art therapy,Art Stimulation,Natural Medicines
Art therapy,Artistic therapies,Duke
Aston-Patterning,Aston-Patterning,"Integrative Nursing, NCCIH, Lindquist"
Aura-Soma Therapy,Aura-Soma Therapy,Duke
Autogenic Training,Autogenic Training,Natural Medicines
Autogenic Training,Autogenic,"Natural Medicines,Integrative Nursing, NCCIH, MESH, Mayo,Cochrane"
Ayurveda,Ayurveda,"Natural Medicines,Integrative Nursing, NCCIH, Lindquist, Cochrane"
Ayurveda,Ayurvedic medicine,"Natural Medicines,Integrative Nursing, NCCIH, MESH, Mayo,Cochrane"
Balneotherapy,Balneotherapy,"Natural Medicines, Integrative Nursing, NCCIH, Lindquist"
behavioral therapy,behavioral therapy,"Natural Medicines,Integrative Nursing"
Bibliotherapy,Bibliotherapy,"SNOMED, Integrative Nursing, Duke, Cochrane"
Bibliotherapy,workbooks,Natural Medicines
Bioacoustics Therapy,Bioacoustics Therapy,Duke
Bioenergetics,Bioenergetics,"Natural Medicines,Duke, Cochrane"
Bioenergetics,Bioenergy Therapy,Natural Medicines
Bioenergetics,Bioenergetic Medicine,Natural Medicines
Bioenergetics,Bioenergetic Therapy,Natural Medicines
Bioenergetics,Bioenergetic Analysis,Natural Medicines
Biofeedback,Biofeedback,"Natural Medicines, Mayo"
Biofeedback,Biofeedback Therapy,"Natural Medicines,Integrative Nursing"
Biofeedback,Biofeedback Training,Natural Medicines
Biofield Therapy,Biofield Therapy,Natural Medicines
Biofield Therapy,Biofield Energy Therapy,Natural Medicines
Bioresonance Therapy,Bioresonance Therapy,"Natural Medicines, MESH"
Bodywork Therapy,Bodywork Therapy,Natural Medicines
Bowen Technique,Bowen Technique,Natural Medicines
Bowen Technique,Technique Bowen,"Natural Medicines,Integrative Nursing, NCCIH, Cochrane"
Bowen Technique,Bowen Manipulative Therapy,Natural Medicines
Bowen Technique,Bowen Therapy,"Natural Medicines,Integrative Nursing, NCCIH, Lindquist"
Bowen Technique,Technique de Bowen,Natural Medicines
Breadth and relaxation,Breadth and relaxation,"Integrative Nursing, NCCIH, Cochrane"
Buteyko Breathing Technique,Buteyko Breathing Technique,Natural Medicines
Buteyko Breathing Technique,Eucapnic Breathing Technique,Natural Medicines
Buteyko Breathing Technique,Buteyko Breathing Training,Natural Medicines
Buteyko Breathing Technique,Buteyko Institute Method,Natural Medicines
Buteyko Breathing Technique,Buteyko Method,Natural Medicines
Buteyko Breathing Technique,Buteyko Technique,Natural Medicines
CelluBike,CelluBike,Natural Medicines
Chakra Balancing,Chakra Balancing,Duke
Chinese massage,Chinese massage,"Integrative Nursing, NCCIH, Lindquist"
Chiropractic,Chiropractic,"Natural Medicines,Integrative Nursing, NCCIH, Mayo, Duke, Cochrane"
Chiropractic,Chiropratique,Natural Medicines
Chiropractic,Chirotherapy,Natural Medicines
Chiropractic,Chiropraticien,Natural Medicines
Chiropractic,Chiropractie,Natural Medicines
Chiropractic,Chiropraxie,Natural Medicines
Chiropractic,Chiro Therapy,Natural Medicines
Chromotherapy,Chromotherapy,"Natural Medicines,Cochrane, MESH"
Chromotherapy,Color Medicine,Natural Medicines
Chromotherapy,Colorology,Natural Medicines
Chromotherapy,Chromotherapie,"Natural Medicines,Integrative Nursing"
Chromotherapy,Color therapy,Natural Medicines
Chromotherapy,Cromoterapia,Natural Medicines
Chromotherapy,Colorologie,Natural Medicines
Cold therapies,Cold therapies,"Natural Medicines, Integrative Nursing, NCCIH, Lindquist"
colon irrigation,colon irrigation,"Natural Medicines, Cochrane"
colon irrigation,Colon cleansing,Cochrane
Cooling the environment,Cooling the environment,Integrative Nursing
Counseling,Counseling,"Integrative Nursing,Duke, Mayo"
Counseling,Psychological counseling,Duke
Craniosacral Therapy,Craniosacral Therapy,"Natural MedicinesIntegrative Nursing, NCCIH, Lindquist, Cochrane"
Craniosacral Therapy,Craniosacral Approach,Natural Medicines
Craniosacral Therapy,Cranial Therapy,Natural Medicines
Craniosacral Therapy,Craniosacral Treatment,Natural Medicines
Craniosacral Therapy,Terapia Craneosacral,Natural Medicines
Craniosacral Therapy,Approche Craniosacrale,Natural Medicines
Craniosacral Therapy,Upledger Therapy,Natural Medicines
Crystal Therapy,Crystal Therapy,Natural Medicines
Crystal Therapy,Crystal Healing,Natural Medicines
Crystal Therapy,Cristaux,Natural Medicines
Cupping,Cupping,"Natural Medicines,Mayo"
Cupping,Medicinal Cupping,Natural Medicines
Cupping,Traditional Cupping,Natural Medicines
Cupping,Cupping Massage,Natural Medicines
Cupping,Ventosaterapia,"Natural Medicines,Integrative Nursing, Duke"
Dance therapy,Dance therapy,"Natural Medicines,Integrative Nursing, Duke, Cochrane"
Deep breathing,Deep breathing,"Natural Medicines,Integrative Nursing, Mayo"
Deep breathing,Breathwork,"Natural Medicines,Integrative Nursing, Duke"
Deep Tissue Massage,Deep Tissue Massage,"Mayo, Cochrane"
Deep Tissue Massage,Deep tissue bodywork,"Natural Medicines,Duke, Cochrane"
Dialectical behavior therapy,Dialectical behavior therapy,Natural Medicines
Distraction,Distraction,Integrative Nursing
Distraction,Nature,Integrative Nursing
Distraction,Virtual Reality,Integrative Nursing
Drama therapy,Drama therapy,"Duke, Cochrane"
Ear Candling,Ear Candling,"Natural Medicines,Integrative Nursing, NCCIH, Lindquist"
Ear Candling,Auricular Candles,Natural Medicines
Ear Candling,Ear Candle Treatment,Natural Medicines
Ear Candling,Ear Candle Therapy,"Natural Medicines,Integrative Nursing, NCCIH, Lindquist, Cochrane"
Ear Candling,Ear Coning,Natural Medicines
Ear Candling,Chandelles Auriculaires,Natural Medicines
Ear Candling,Ear Candle,"Natural Medicines,Cochrane"
Educate patients on anticipating diarrhea with certain circumstances,Educate patients on anticipating diarrhea with certain circumstances,Integrative Nursing
Electrical or magnetic therapies,Electrical or magnetic therapies,"Integrative Nursing, NCCIH, Lindquist, Cochrane"
Electrodermal Testing,Electrodermal Testing,"Natural Medicines,Integrative Nursing, NCCIH, Lindquist, Cochrane"
Emotional Freedom Techniques,Emotional Freedom Techniques,"Natural Medicines,Integrative Nursing"
Energy field work,Energy field work,Cochrane
Energy management,Energy management,Integrative Nursing
Energy management awareness education,Energy management awareness education,Integrative Nursing
Energy Management Strategies,Energy Management Strategies,"Natural Medicines, Integrative Nursing"
Energy Management Strategies,Energy conservation and restoration strategies,"Natural Medicines,Integrative Nursing, NCCIH, Lindquist, Cochrane"
Energy Therapy,Energy Therapy,Natural Medicines
Energy Therapy,Energy medicine,"Natural Medicines,Integrative Nursing"
Energy Work,Energy Work,Natural Medicines
Engaging in natural environments,Engaging in natural environments,"Natural Medicines, Integrative Nursing"
Environmental therapy,Environmental therapy,"Natural Medicines, Integrative Nursing, Cochrane"
Eurythmy,Eurythmy,"Natural Medicines,Integrative Nursing"
Exercise,Exercise,"Integrative Nursing, Mayo"
Expressive Therapies,Expressive Therapies,Natural Medicines
Expressive writing therapy,Expressive writing therapy,"Integrative Nursing, Lindquist, Cochrane"
Expressive writing therapy,Journaling,"Integrative Nursing, Lindquist, Cochrane"
Facening,Facening,"Natural Medicines,Cochrane"
Facening,Facial Exercise,Natural Medicines
Feldenkrais Method,Feldenkrais Method,"Natural Medicines, NCCIH, Mayo, Duke, Cochrane"
Feldenkrais Method,Awareness Through Movement,Natural Medicines
Feldenkrais Method,Feldenkrais Bodywork,Natural Medicines
Feldenkrais Method,Gestalt Synergy,Natural Medicines
Feng shui,Feng shui,"Natural Medicines,Cochrane"
Flotation therapy,Flotation therapy,Duke
Focusing,Focusing,"Natural Medicines,Integrative Nursing"
Focusing,Focusing-Oriented Therapy,Natural Medicines
Focusing,Focusing Process,Natural Medicines
Focusing,Focusing Therapy,Natural Medicines
Functional medicine,Functional medicine,"Integrative Nursing, Duke"
Gentle activity of preference,Gentle activity of preference,Integrative Nursing
Gestalt therapy,Gestalt therapy,Cochrane
Guided Imagery,Guided Imagery,Natural Medicines
Guided Imagery,Guided Health Imagery,Natural Medicines
Guided Imagery,Visualisation,"Natural Medicines,Integrative Nursing, NCCIH, Lindquist, Mayo, Duke"
Guided Imagery,Guided Visualization,Natural Medicines
Guided Imagery,Visualization,Natural Medicines
Guided Imagery,Visualization Therapy,Natural Medicines
Guided Imagery,Imagery,Natural Medicines
Guided physical activities,Guided physical activities,Integrative Nursing
Healing Touch,Healing Touch,"Natural Medicines, Integrative Nursing, NCCIH, Lindquist, Mayo, Duke"
Healing Touch,Touch Therapy,Natural Medicines
Healing Touch,Energy Healing,"Natural Medicines,Integrative Nursing"
Healing Touch,Touch,"Natural Medicines, Integrative Nursing, SNOMED"
Healing Touch,Therapeutic Touch,"Natural Medicines,Integrative Nursing, Lindquist, Duke, Cochrane, MESH"
Health coaching,Health coaching,"Natural Medicines,Integrative Nursing"
Health coaching,Seen by health coach,"SNOMED, Integrative Nursing"
Healthy lifestyle support,Healthy lifestyle support,Integrative Nursing
Heart Coherence,Heart Coherence,Duke
Heat therapies,Heat therapies,"Natural Medicines,Integrative Nursing, NCCIH, Lindquist"
Hellerwork,Hellerwork,"Natural Medicines,Integrative Nursing, NCCIH, Lindquist"
Homeopathic remedies,Homeopathic remedies,"Natural Medicines,Integrative Nursing, NCCIH, MESH, Duke"
Horticultural Therapy,Horticultural Therapy,"Natural Medicines,MESH, Cochrane"
Humor,Humor,"NIC, Lindquist"
Hydrotherapy,Hydrotherapy,"Natural Medicines,Mayo,Integrative Nursing, NCCIH, Cochrane"
Hydrotherapy,Ice packs,Duke
Hydrotherapy,Thermal baths,"Integrative Nursing, Mayo, Duke"
Hypnosis,Hypnosis,"Natural Medicines,Integrative Nursing, Cochrane"
Hypnotherapy,Hypnotherapy,"Natural Medicines,Integrative Nursing, Mayo, Duke"
Hypnotherapy,Hypnoanalgesia,Natural Medicines
Hypnotherapy,Antenatal Self-Hypnosis,Natural Medicines
Increase activity of preference,Increase activity of preference,Integrative Nursing
Integrative interventions,Integrative interventions,Integrative Nursing
Interpersonal Psychotherapy,Interpersonal Psychotherapy,"Integrative Nursing, NCCIH, Lindquist"
"intravenous therapy, hydration","intravenous therapy, hydration","Integrative Nursing, NCCIH, Lindquist"
Jin Shin Jyutsu,Jin Shin Jyutsu,Lindquist
Kundalini Yoga,Kundalini Yoga,Natural Medicines
Kundalini Yoga,Kundalini,"Natural Medicines,Duke"
Kundalini Yoga,Yoga of Awareness,Natural Medicines
Light Therapy,Light Therapy,"Natural Medicines,Integrative Nursing, Duke, Cochrane, Lindquist"
Light Therapy,Phototherapy,"Natural Medicines,Integrative Nursing, NCCIH, Lindquist, Cochrane"
Light Therapy,Light Treatment,Natural Medicines
Light Therapy,Photophoresis,Natural Medicines
Light Therapy,Photomedicine,Natural Medicines
Low level Laser Therapy,Low level Laser Therapy,"Integrative Nursing, Cochrane"
Low level Laser Therapy,Cold Laser Therapy,"Integrative Nursing, Cochrane"
Lowering lights as the evening progresses,Lowering lights as the evening progresses,Integrative Nursing
Magnet Therapy,Magnet Therapy,Natural Medicines
Magnet Therapy,Magnetic,Natural Medicines
Magnet Therapy,Magnet,Natural Medicines
Magnet Therapy,Magnetoterapia,Natural Medicines
Manipulation,Manipulation,Mayo
Manipulative Therapy,Manipulative Therapy,Natural Medicines
Mantra Meditation,Mantra Meditation,Natural Medicines
Manual Lymph Drainage,Manual Lymph Drainage,"Integrative Nursing, NCCIH, Lindquist"
Massage,Massage,"Natural Medicines, Mayo, Cochrane"
Mechanical therapies,Mechanical therapies,"Integrative Nursing, NCCIH, Lindquist"
"Medicine, Traditional","Medicine, Traditional",Lindquist
Meditation,Meditation,"Natural Medicines,Integrative Nursing, NCCIH, Lindquist, Cochrane"
Mindfulness,Mindfulness,Natural Medicines
Mindfulness interventions,Mindfulness interventions,Integrative Nursing
Mindfulness-Based Stress Reduction,Mindfulness-Based Stress Reduction,Natural Medicines
Mobilization,Mobilization,Natural Medicines
Morita therapy,Morita therapy,Cochrane
Movement therapies,Movement therapies,"Natural Medicines,Integrative Nursing"
Moxibustion,Moxibustion,"Natural Medicines,MESH, Duke, Cochrane,Mayo"
Multi-modal sensory stimulation,Multi-modal sensory stimulation,Integrative Nursing
Music therapy,Music therapy,"Natural Medicines,Integrative Nursing, Lindquist, Mayo, Duke, Cochrane"
Music therapy,Music Intervention,"Natural Medicines,Integrative Nursing, Lindquist, Mayo"
Music therapy,Music In Therapy,Natural Medicines
Myofascial Release,Myofascial Release,"Natural Medicines,Integrative Nursing, NCCIH, Lindquist, Cochrane"
Myofascial Release,Myotherapy,"Integrative Nursing, NCCIH, Lindquist, Cochrane"
Myofascial Release,Soft Tissue Mobilization,Natural Medicines
Naprapathy,Naprapathy,"Integrative Nursing, NCCIH, Lindquist, Cochrane"
Narrative Therapy and family therapy,Narrative Therapy and family therapy,"Integrative Nursing, NCCIH, Lindquist"
Nature-based therapies,Nature-based therapies,"Natural Medicines,Integrative Nursing"
Naturopathy,Naturopathy,"Integrative Nursing, NCCIH, Mayo, Duke, Cochrane"
Naturopathy,Naturopathic Medicine,Natural Medicines
Neurocranial Restructuring,Neurocranial Restructuring,"Integrative Nursing, NCCIH, Lindquist"
Neurolinguistic Patterning,Neurolinguistic Patterning,Duke
Neurolinguistic Programming,Neurolinguistic Programming,"Natural Medicines,Integrative Nursing, NCCIH, Lindquist"
Neuromuscular Massage,Neuromuscular Massage,Natural Medicines
Neuromuscular Therapy,Neuromuscular Therapy,Natural Medicines
Oakley Smith naprapathic method,Oakley Smith naprapathic method,"Integrative Nursing, NCCIH, Lindquist"
Osteopathic Manipulation,Osteopathic Manipulation,"Natural Medicines,NCCIH, Integrative Nursing, Mayo, Cochrane"
Osteopathic Manipulation,Osteopathy,"Natural Medicines,Integrative Nursing, NCCIH,Lindquist"
Pilates,Pilates,"Natural Medicines,NCCIH, Mayo, Cochrane"
Play therapy,Play therapy,Cochrane
Polarity Therapy,Polarity Therapy,Duke
Positive self-talk,Positive self-talk,Integrative Nursing
Positive thinking,Positive thinking,Mayo
Practitioner-guided detoxification,Practitioner-guided detoxification,Mayo
prayer,prayer,"Natural Medicines,Integrative Nursing,  Lindquist"
"Prayer, distant healing","Prayer, distant healing",Natural Medicines
"Prayer, distant healing",Distant Healing,"Natural Medicines,Integrative Nursing, NCCIH, Lindquist"
"Prayer, distant healing",Absent Healing,Natural Medicines
"Presence, therapeutic use of self","Presence, therapeutic use of self",Integrative Nursing
Progressive Muscle Relaxation,Progressive Muscle Relaxation,"Natural Medicines,NCCIH, Lindquist, Integrative Nursing, Mayo, Duke"
Progressive Muscular Relaxation,Progressive Muscular Relaxation,"Natural Medicines,Integrative Nursing"
Progressive relaxation,Progressive relaxation,"Natural Medicines,Integrative Nursing"
Provide a heat pad,Provide a heat pad,"Natural Medicines,Integrative Nursing"
Provide comfort and privacy,Provide comfort and privacy,Integrative Nursing
Psychic Healing,Psychic Healing,"Natural Medicines,Natural Medicines"
psycho education,psycho education,"SNOMED, Integrative Nursing, Duke, Cochrane"
Psychodrama,Psychodrama,"Integrative Nursing, Duke"
Psychotherapies incorporating mindfulness,Psychotherapies incorporating mindfulness,"Natural Medicines,Cochrane"
Psychotherapies incorporating spirituality,Psychotherapies incorporating spirituality,Cochrane
Pulsed Electromagnetic Field (PEMF) Therapy,Transcranial Pulsed Electromagnetic Field Therapy,Natural Medicines
Pulsed Electromagnetic Field (PEMF) Therapy,Pulsed Magnetic Field Therapy,Natural Medicines
Pulsed Electromagnetic Field (PEMF) Therapy,Electromagnetic Pulse,Natural Medicines
Qi Gong,Qi Gong,"Natural Medicines,Integrative Nursing, NCCIH, Mayo, Duke, Cochrane,,Mayo"
Qi Gong,Medical Qi Gong,"Natural Medicines,Integrative Nursing, NCCIH, Mayo, Duke, Cochrane"
Qi Gong,Qigong,Natural Medicines
Qi Gong,Qigongology,Natural Medicines
Qi Gong,Chi Kung,Natural Medicines
Qi Gong,Hua Gong,Natural Medicines
Qi Gong,Chi'I Kung,Natural Medicines
Qi Gong,Qi Gong Therapy,Natural Medicines
Qi Gong,Qigong Therapy,Natural Medicines
Radionics,Radionics,Duke
Reducing artificial stimuli,Reducing artificial stimuli,Integrative Nursing
Reflexology,Reflexology,"Integrative Nursing, NCCIH, Lindquist, Cochrane"
Reflexology,Reflexotherapy,"Natural Medicines,Integrative Nursing"
Reiki Therapy,Reiki Therapy,"Natural Medicines, Integrative Nursing, Lindquist, Duke, Cochrane"
Reiki Therapy,Reiki Therapie,Natural Medicines
Reiki Therapy,Terapia Reiki,Natural Medicines
Reiki Therapy,Reiki,"Natural Medicines,Integrative Nursing, Lindquist, Duke, Cochrane"
Reiki Therapy,Ray-kee,Natural Medicines
Reiki Therapy,Reiki Touch Therapy,Natural Medicines
relaxation practices,relaxation practices,Integrative Nursing
Relaxation responses,Relaxation responses,Integrative Nursing
Relaxation technique,Relaxation technique,"SNOMED, Cochrane"
Relaxation Therapy,Relaxation Therapy,Natural Medicines
Relaxation Therapy,Traitement de Relaxation,Natural Medicines
Relaxation Therapy,Therapeutic Relaxation,Natural Medicines
Relaxation Therapy,Relaxation Treatment,Natural Medicines
Reminiscence therapy,Reminiscence therapy,Integrative Nursing
Removal of triggers,Removal of triggers,"Integrative Nursing, NCCIH, Lindquist"
Repetitive Transcranial Magnetic Stimulation,Repetitive Transcranial Magnetic Stimulation,"Natural Medicines,Integrative Nursing, NCCIH, Lindquist"
Restorative therapy,Restorative therapy,"ntegrative Nursing, NCCIH, Lindquist"
Rolfing,Rolfing,"Natural Medicines,Integrative Nursing, NCCIH, Lindquist"
Rolfing,Rolfing Therapy,Natural Medicines
Rolfing,Rolfing Method,Natural Medicines
Saunas,Saunas,"Integrative Nursing, NCCIH, Lindquist"
Seeking support,Seeking support,Integrative Nursing
self-care,self-care,Integrative Nursing
self-help groups,self-help groups,Integrative Nursing
self-help materials,self-help materials,"SNOMED, Integrative Nursing, Duke, Cochrane"
Self-hypnosis,Self-hypnosis,"Natural Medicines,Integrative Nursing"
Shamanism medicine,Shamanism medicine,"Natural Medicines,ABC, MESH, Cochrane"
Shiatsu,Shiatsu,"Natural Medicines,Integrative Nursing, NCCIH, Lindquist, Cochrane"
Shiatsu,Shiatsu Therapy,Natural Medicines
Shiatsu,Movement Shiatsu,Natural Medicines
Shiatsu,Shiatsu Massage,Natural Medicines
Shiatsu,Shi-astsu,Natural Medicines
Shirodhara,Shirodhara,Natural Medicines
Shirodhara,Shirodhara Therapy,Natural Medicines
Shirodhara,Shiro Dhara,Natural Medicines
Silence,Silence,Integrative Nursing
Social support,Social support,"Natural Medicines,Duke"
Sophrology,Sophrology,Duke
Sound Healing,Sound Healing,"Natural Medicines,Integrative Nursing, NCCIH, Lindquist"
Sound Therapy,Sound Therapy,Duke
"Spa: Rejuvenating mind, body and spirit","Spa: Rejuvenating mind, body and spirit","Integrative Nursing, NCCIH, Lindquist"
Spinal manipulation,Spinal manipulation,"Natural Medicines,Mayo, Cochrane"
Spinal Manipulative Therapy,Spinal Manipulative Therapy,Natural Medicines
Spiritual healing,Spiritual healing,"Cochrane,Duke,"
Spiritual intervention,Spiritual intervention,Natural Medicines
Supportive-expressive therapy,Supportive-expressive therapy,Integrative Nursing
Tai Chi,Tai Chi,"Natural Medicines,Integrative Nursing,Integrative Nursing, NCCIH, Lindquist, Mayo, Duke, Cochrane,Mayo"
Tai Chi,Taiji,Natural Medicines
Tai Chi,Tai Chi Chih,Natural Medicines
Tai Chi,Tai Chi Martial Arts,Natural Medicines
Tai Chi,Taijiquan,Natural Medicines
Tai Chi,Tai Ji Quan,Natural Medicines
Tai Chi,Tie Chee,"Natural Medicines,Cochrane"
Tai Chi,Tai-Chi,Natural Medicines
Tai Chi,Taichi Quan,Natural Medicines
Tai Chi,Tai Chi Chuan,Natural Medicines
Therapeutic listening,Therapeutic listening,"Natural Medicines,Integrative Nursing, Duke"
Therapeutic relationship,Therapeutic relationship,"Natural Medicines,Integrative Nursing"
Thought Field Therapy,Thought Field Therapy,Natural Medicines
Tibetan Medicine,Tibetan Medicine,"Natural Medicines,Duke,Cochrane"
Traditional Chinese medicine,Traditional Chinese medicine,"Natural Medicines,Integrative Nursing, NCCIH, Mayo, Duke,Cochrane"
Traditional healers,Traditional healers,"Natural Medicines,NCCIH"
Trager psychophysical Integration,Trager psychophysical Integration,"Natural Medicines,NCCIH"
Trager Therapy,Trager Therapy,Natural Medicines
Trager Therapy,Trager Approach,Natural Medicines
Trager Therapy,Trager Movement Therapy,Natural Medicines
Trager Therapy,Trager Therapeutics,Natural Medicines
Trager Therapy,Approche Trager,Natural Medicines
Trager Therapy,Trager Bodywork,Natural Medicines
Trager Therapy,Trager,Natural Medicines
Trager Therapy,Trager Manipulation,Natural Medicines
Trager Therapy,Trager Technique,Natural Medicines
Transcranial Direct Current Stimulation,Transcranial Direct Current Stimulation,"Natural Medicines,Cochrane"
Transcutaneous Electrical Acustimulation,Transcutaneous Electrical Acustimulation,Natural Medicines
Transcutaneous Electrical Acustimulation,Acupuncture-like Transcutaneous Electrical Nerve Stimulation,Natural Medicines
Transcutaneous Electrical Acustimulation,Transcutaneous Electrical Acupoint Stimulation,Natural Medicines
Trigger point massage,Trigger point massage,"Natural Medicines,Integrative Nursing, NCCIH, Lindquist, Cochrane"
Trigger point massage,Trigger point myotherapy,"Natural Medicines, Integrative Nursing, NCCIH, Lindquist, Cochrane"
Trigger Point Therapy,Trigger Point Therapy,Natural Medicines
Trigger Point Therapy,Myofascial Trigger Point Therapy,Natural Medicines
Ultrasonic therapy,Ultrasonic therapy,"Natural Medicines,Integrative Nursing, NCCIH, Lindquist"
Vega testing,Vega testing,Cochrane
Visualization techniques,Visualization techniques,Cochrane
Vojta method,Vojta method,Cochrane
Yoga,Yoga,"Natural Medicines,Integrative Nursing, NCCIH, Lindquist, Mayo, Cochrane"
Yogoda,Yogoda,Natural Medicines
Zero Balancing,Zero Balancing,"Natural Medicines,Cochrane"
Zero Balancing,Core Zero Balancing,Natural Medicines
Vibration Therapy,Vibration Therapy,Natural Medicines
Vibration Therapy,Vibration Medicine,Natural Medicines
Vibration Therapy,Vibrational Medicine,Natural Medicines
Vibration Therapy,Vibrational Therapy,Natural Medicines
Vibration Therapy,Vibrotherapy,Natural Medicines
Korean Acupuncture,Korean Acupuncture,Natural Medicines
Single Point Acupuncture,Single Point Acupuncture,Natural Medicines
Ear acupuncture,Laser Acupuncture,"Natural Medicines,SNOMED, Cochrane"
Ear acupuncture,Ear acupuncture,Natural Medicines
Ear acupuncture,Auricular Acupuncture,"Natural Medicines,MESH, Cochrane, Duke, Lindquist"
Ear acupuncture,Acuponcture Auriculaire,"Natural Medicines,SNOMED, Cochrane"
Acuponcture Japonaise,Acuponcture Japonaise,Natural Medicines
Acuponcture de l'Oreille,Acuponcture de l'Oreille,Natural Medicines
Trigger Point Acupuncture,Trigger Point Acupuncture,"Natural Medicines,Integrative Nursing, NCCIH, MESH, Mayo, Duke, Cochrane"
Japanese Acupuncture,Japanese Acupuncture,Natural Medicines
Acuponcture de la Main,Acuponcture de la Main,Natural Medicines
Acuponcture Occidentale,Acuponcture Occidentale,Natural Medicines
Hand Acupuncture,Hand Acupuncture,Natural Medicines
Foot Acupuncture,Foot Acupuncture,Natural Medicines
Needle Moxibustion,Needle Moxibustion,Natural Medicines
Acuponcture du Pied,Acuponcture du Pied,Natural Medicines
electro acupuncture,electro acupuncture,Natural Medicines
acupoint stimulation,acupoint stimulation,Natural Medicines
Alexander Proprioception,Alexander Proprioception,Natural Medicines
Animal Companionship,Animal Companionship,Natural Medicines
Equine-Assisted Therapy,Equine-Assisted Therapy,Natural Medicines
Animal Visitation,Animal Visitation,Natural Medicines
Dolphin-Assisted Therapy,Dolphin-Assisted Therapy,Natural Medicines
Canine-Assisted Ambulation,Canine-Assisted Ambulation,Natural Medicines
Companion Animal Therapy,Companion Animal Therapy,Natural Medicines
Psychoeducational Horseback Riding,Psychoeducational Horseback Riding,Natural Medicines
Animals In Human Therapy,Animals In Human Therapy,Natural Medicines
Canine Visitation Therapy,Canine Visitation Therapy,"Natural Medicines,Integrative Nursing, NCCIH, Lindquist"
Kinesiology Muscle Test,Kinesiology Muscle Test,Natural Medicines
Aqua Lymphatic Therapy,Aqua Lymphatic Therapy,Natural Medicines
Huiles Aromatiques,Huiles Aromatiques,Natural Medicines
Aromatic Oils,Aromatic Oils,Natural Medicines
Huiles Essentielles,Huiles Essentielles,Natural Medicines
Traitement par les Essences de Plantes,Traitement par les Essences de Plantes,Natural Medicines
Scent Therapy,Scent Therapy,Natural Medicines
Essential Oils,Essential Oils,Natural Medicines
5H program,5H program,Natural Medicines
pottery,pottery,Duke
Visual Art Therapy,Visual Art Therapy,"Natural Medicines,Integrative Nursing, NCCIH, Mayo, Duke, Cochrane"
Phenomenological Art Therapy,Phenomenological Art Therapy,Natural Medicines
Mindfulness Based Art Therapy,Mindfulness Based Art Therapy,Natural Medicines
Psychodynamic Group Art Therapy,Psychodynamic Group Art Therapy,"Natural Medicines,Integrative Nursing, Lindquist, Mayo, Duke, Cochrane"
Creative Arts Therapy,Creative Arts Therapy,Natural Medicines
Creative Arts Intervention,Creative Arts Intervention,"Natural Medicines,Integrative Nursing, NCCIH, Lindquist"
Creative Expression,Creative Expression,"Natural Medicines,Duke"
artistic therapies-painting,artistic therapies-painting,Duke
Chinese Calligraphy Therapy,Chinese Calligraphy Therapy,Natural Medicines
Clay Art Therapy,Clay Art Therapy,Natural Medicines
Anthroposophic Art Therapy,Anthroposophic Art Therapy,Natural Medicines
Autorelaxation Concentrative,Autorelaxation Concentrative,"Natural Medicines,Mayo"
Standard Autogenic Training,Standard Autogenic Training,"Natural Medicines,Integrative Nursing"
Prana (elements of Ayurveda),Prana (elements of Ayurveda),Mayo
Doshas (elements of Ayurveda),Doshas (elements of Ayurveda),Mayo
Prakriti (elements of Ayurveda),Prakriti (elements of Ayurveda),Mayo
Body-Oriented Psychotherapy,Body-Oriented Psychotherapy,Natural Medicines
Body Psychotherapy,Body Psychotherapy,Natural Medicines
Heart Rate Variability Biofeedback,Heart Rate Variability Biofeedback,Natural Medicines
Electroencephalogram Biofeedback,Electroencephalogram Biofeedback,"Natural Medicines,MESH"
Assisted Biofeedback,Assisted Biofeedback,Natural Medicines
Biofeedback for stress management,Biofeedback for stress management,Mayo
Neurofeedback,Neurofeedback,Natural Medicines
Eucapnic Buteyko Breathing,Eucapnic Buteyko Breathing,"Natural Medicines,Duke"
Tui na,Tui na,Natural Medicines
Manipulation Rachidienne,Manipulation Rachidienne,Natural Medicines
Subluxation,Subluxation,Natural Medicines
Grief Counseling,Grief Counseling,"Natural Medicines,Integrative Nursing"
Lifestyle counseling,Lifestyle counseling,Mayo
Biographical counseling,Biographical counseling,Duke
Traitement Craniosacral,Traitement Craniosacral,Natural Medicines
Terapia de Cristal,Terapia de Cristal,Natural Medicines
Crystals,Crystals,Natural Medicines
Electrocrystal Therapy,Electrocrystal Therapy,Natural Medicines
Blood-Letting Cupping,Blood-Letting Cupping,Natural Medicines
Retained Cupping,Retained Cupping,Natural Medicines
Multiple Cupping,Multiple Cupping,Natural Medicines
Dry Cupping,Dry Cupping,Natural Medicines
Needle Cupping,Needle Cupping,Natural Medicines
Liquid Cupping,Liquid Cupping,Natural Medicines
Flash Cupping,Flash Cupping,Natural Medicines
Wet Cupping,Wet Cupping,Natural Medicines
Water Cupping,Water Cupping,Natural Medicines
Fire-Cupping,Fire-Cupping,Natural Medicines
Hijamat,Hijamat,Natural Medicines
Shuiguanfa,Shuiguanfa,Natural Medicines
Moving Cupping,Moving Cupping,Natural Medicines
Wet-Cupping,Wet-Cupping,Natural Medicines
Momentary Cupping,Momentary Cupping,Natural Medicines
Bleeding Cupping,Bleeding Cupping,Natural Medicines
Pulsating Cupping,Pulsating Cupping,Natural Medicines
Bougie Hopi,Bougie Hopi,Natural Medicines
Thermal-Auricular Therapy,Thermal-Auricular Therapy,Natural Medicines
Bougie Creuse,Bougie Creuse,Natural Medicines
Bougie d'Oreille,Bougie d'Oreille,"Natural Medicines,Cochrane"
principles of energy conservation,principles of energy conservation,Natural Medicines
energy management awarness education,energy management awarness education,Natural Medicines
Putative energy therapy,Putative energy therapy,"Natural Medicines,Integrative Nursing, Cochrane"
Veritable energy therapy,Veritable energy therapy,Natural Medicines
harmonious rhythm,harmonious rhythm,"Natural Medicines,Integrative Nursing"
walking,walking,Integrative Nursing
swimming,swimming,Integrative Nursing
biking,biking,Integrative Nursing
hiking,hiking,Integrative Nursing
jogging,jogging,Integrative Nursing
Motor control exercuse,Motor control exercuse,Natural Medicines
Self-Expression,Self-Expression,Natural Medicines
Creative Arts Therapies,Creative Arts Therapies,Natural Medicines
Expressive Therapists,Expressive Therapists,Natural Medicines
Facial Resistance Training,Facial Resistance Training,Natural Medicines
Face Shaping,Face Shaping,Natural Medicines
Face Yoga,Face Yoga,"Natural Medicines,Duke"
Functional Integration,Functional Integration,Natural Medicines
Attentional Focus,Attentional Focus,Natural Medicines
Interactive Focusing Therapy,Interactive Focusing Therapy,"Natural Medicines,Mayo"
Body-State Focusing,Body-State Focusing,Natural Medicines
Internal Focusing,Internal Focusing,"Natural Medicines,Cochrane"
Focus on love and gratitude,Focus on love and gratitude,Mayo
External Focusing,External Focusing,Natural Medicines
Bioenergy Healing,Bioenergy Healing,"Natural Medicines,Integrative Nursing"
Hot compresses,Hot compresses,"Natural Medicines,Duke"
Structural Integration,Structural Integration,Natural Medicines
Deep Tissue Bodywork and Movement Education,Deep Tissue Bodywork and Movement Education,"Natural Medicines,Mayo"
Laughter therapy,Laughter therapy,Cochrane
soaks in hot springs,soaks in hot springs,Mayo
Post-Hypnotic Suggestion,Post-Hypnotic Suggestion,Natural Medicines
Auto-Hypnosis,Auto-Hypnosis,Natural Medicines
Hypnobirthing,Hypnobirthing,"Natural Medicines,Duke"
relaxation mental imagery,relaxation mental imagery,Natural Medicines
Cognitive Hypnotherapy,Cognitive Hypnotherapy,"Natural Medicines,Lindquist"
Altered States Of Consciousness,Altered States Of Consciousness,Natural Medicines
Circular Yoga,Circular Yoga,Natural Medicines
Roya Yoga,Roya Yoga,Natural Medicines
Coiled Yoga,Coiled Yoga,Natural Medicines
Photodynamic Therapy,Photodynamic Therapy,Natural Medicines
Dead Sea Climatotherapy,Dead Sea Climatotherapy,Natural Medicines
Fiber-Optic Phototherapy,Fiber-Optic Phototherapy,Natural Medicines
Bright Light Therapy,Bright Light Therapy,Natural Medicines
Nontargeted Light Therapy,Nontargeted Light Therapy,Natural Medicines
Light-Emitting Diode phototherapy,Light-Emitting Diode phototherapy,Natural Medicines
Photobiology,Photobiology,Natural Medicines
Targeted Light Therapy,Targeted Light Therapy,Natural Medicines
Acu-Light Therapy,Acu-Light Therapy,Natural Medicines
Photosensitizers,Photosensitizers,Natural Medicines
Esogetic Colorpuncture,Esogetic Colorpuncture,Natural Medicines
Light Irradiation,Light Irradiation,Natural Medicines
Ocular Light Therapy,Ocular Light Therapy,"Natural Medicines,Integrative Nursing"
Irradiation,Irradiation,Natural Medicines
Photochemotherapy,Photochemotherapy,Natural Medicines
Reprocessing Light Therapy,Reprocessing Light Therapy,Natural Medicines
Balneophototherapy,Balneophototherapy,"Natural Medicines,Integrative Nursing, NCCIH, Lindquist, Cochrane"
Magnetic Bands,Magnetic Bands,Natural Medicines
Biomagnetism,Biomagnetism,Natural Medicines
Transcranial Magnetic Stimulation,Transcranial Magnetic Stimulation,"Natural Medicines,Integrative Nursing, Lindquist, Duke, Cochrane"
Electromagnetic Therapy,Electromagnetic Therapy,Natural Medicines
Magnets,Magnets,Natural Medicines
Static Magnet Therapy,Static Magnet Therapy,Natural Medicines
Pulsed Electromagnetic Therapy,Pulsed Electromagnetic Therapy,Natural Medicines
Magnetic Mattress,Magnetic Mattress,Natural Medicines
Aimant Statique,Aimant Statique,Natural Medicines
Repetitive Magnetic Stimulation,Repetitive Magnetic Stimulation,Natural Medicines
Magnetic Stimulation,Magnetic Stimulation,Natural Medicines
Magnetic Bracelet,Magnetic Bracelet,Natural Medicines
Aimant,Aimant,Natural Medicines
Magnetic Necklace,Magnetic Necklace,Natural Medicines
Repetitive Transcranial Magnetic Therapy,Repetitive Transcranial Magnetic Therapy,Natural Medicines
Static Magnet,Static Magnet,Natural Medicines
Concentrative Meditation,Concentrative Meditation,Natural Medicines
body scanning,body scanning,Mayo
mindfulness meditation,mindfulness meditation,"Natural Medicines,Mayo, Duke"
meditation with yoga-Tai chi-Qi gong,meditation with yoga-Tai chi-Qi gong,Mayo
Transcendental meditation,Transcendental meditation,"Natural Medicines,SNOMED, Mayo, Duke"
Indian head massage,Indian head massage,"Integrative Nursing, NCCIH, Lindquist"
Connective Tissue Manipulation,Connective Tissue Manipulation,Natural Medicines
Hand Massage,Hand Massage,Natural Medicines
Abdominal Massage,Abdominal Massage,"Natural Medicines, Integrative Nursing, NCCIH, Lindquist"
Aromatherapy Massage,Aromatherapy Massage,"Natural Medicines,Cochrane"
Roll-stretch Massage,Roll-stretch Massage,Natural Medicines
hot stone massage,hot stone massage,"Natural Medicines, Integrative Nursing, NCCIH, Lindquist"
Oriental massage,Oriental massage,"Integrative Nursing, NCCIH, Lindquist"
Digital Massage,Digital Massage,Natural Medicines
Therapeutic Massage,Therapeutic Massage,"Natural Medicines,Integrative Nursing, NCCIH, Lindquist"
Petrissage,Petrissage,Natural Medicines
Anma,Anma,Cochrane
Infant Massage,Infant Massage,Natural Medicines
Prostate Massage,Prostate Massage,Natural Medicines
Deep Transverse Friction Massage,Deep Transverse Friction Massage,Natural Medicines
Lomilomi Massage,Lomilomi Massage,Natural Medicines
Tibetan Massage,Tibetan Massage,Natural Medicines
Esalen Massage,Esalen Massage,Natural Medicines
Acupuncture Massage,Acupuncture Massage,Natural Medicines
Perineal Massage,Perineal Massage,Natural Medicines
Abdominal Meridian Massage,Abdominal Meridian Massage,Natural Medicines
Oil Massage,Oil Massage,"Natural Medicines,Integrative Nursing, NCCIH, Lindquist, Cochrane"
swedish massage,swedish massage,"Natural Medicines, Integrative Nursing, NCCIH, Lindquist"
Marma Massage Therapy,Marma Massage Therapy,"Natural Medicines,Integrative Nursing, NCCIH, Lindquist"
Rhythmical Massage,Rhythmical Massage,Natural Medicines
Qigong Massage,Qigong Massage,Natural Medicines
Effleurage Massage,Effleurage Massage,Natural Medicines
Classical Massage,Classical Massage,"Natural Medicines,Integrative Nursing, NCCIH, Lindquist"
sports massage,sports massage,"Natural Medicines, Integrative Nursing, NCCIH, Lindquist"
soft-tissue massage,soft-tissue massage,"Integrative Nursing, NCCIH, Lindquist"
Aston massage,Aston massage,"Integrative Nursing, NCCIH, Lindquist"
Bindegewebsmassage,Bindegewebsmassage,Natural Medicines
arthorkinestics massage,arthorkinestics massage,"Integrative Nursing, NCCIH, Lindquist"
Thai Massage,Thai Massage,"Natural Medicines,Integrative Nursing, NCCIH, Lindquist"
Chair Massage,Chair Massage,Natural Medicines
myokinetics massage,myokinetics massage,"Integrative Nursing, NCCIH, Lindquist"
Ice Massage,Ice Massage,Natural Medicines
Integrative Massage,Integrative Massage,"Natural Medicines,Integrative Nursing, NCCIH, Lindquist, Cochrane"
Skin Rehabilitation Massage Therapy,Skin Rehabilitation Massage Therapy,"Natural Medicines,Integrative Nursing, NCCIH, Lindquist, Cochrane"
Connective Tissue Massage,Connective Tissue Massage,"Natural Medicines,Mayo"
gentle abdmonial massage,gentle abdmonial massage,"Mayo, Duke"
Esalen,Esalen,Mayo
Deep-tissue Massage,Deep-tissue Massage,"Natural Medicines,Integrative Nursing, NCCIH, Lindquist, Cochrane"
Deep massage,Deep massage,"Natural Medicines,Integrative Nursing, NCCIH, Lindquist, Cochrane"
Arthrokinetics massage,Arthrokinetics massage,"Integrative Nursing, NCCIH, Lindquist"
"Medicine, African Traditional","Medicine, African Traditional","MESH, Cochrane"
"Medicine, Arabic","Medicine, Arabic",Cochrane
"Medicine, East Asian Traditional","Medicine, East Asian Traditional",Cochrane
Japanese traditional medicine,Japanese traditional medicine,"Natural Medicines,Cochrane"
Traditional Indian medicine,Traditional Indian medicine,Cochrane
Yunani medicine,Yunani medicine,"Duke,Cochrane"
Traditional Korean medicine,Traditional Korean medicine,Cochrane
Unani medicine,Unani medicine,"Natural Medicines,Cochrane"
Siddha medicine,Siddha medicine,"Natural Medicines,Cochrane"
Kampo Medicine,Kampo Medicine,Natural Medicines
walking medication,walking medication,Mayo
guided medication,guided medication,Mayo
breath medication,breath medication,Mayo
Analytical medication,Analytical medication,"Integrative Nursing, NCCIH, Lindquist, Cochrane"
Vipassana meditation,Vipassana meditation,Duke
Zen Meditation,Zen Meditation,Duke
Mindfulness-based Relapse Prevention,Mindfulness-based Relapse Prevention,Natural Medicines
Cognitive-Behavioral and Mindfulness-Based Stress Reduction,Cognitive-Behavioral and Mindfulness-Based Stress Reduction,Natural Medicines
Adapted Mindfulness-Based Intervention,Adapted Mindfulness-Based Intervention,Natural Medicines
Mindfulness and Acceptance-Based Group Therapy,Mindfulness and Acceptance-Based Group Therapy,Natural Medicines
Mindfulness Awareness Practice,Mindfulness Awareness Practice,"Integrative Nursing, Mayo, Duke"
Mindfulness-Based Intervention for Social Anxiety Disorder,Mindfulness-Based Intervention for Social Anxiety Disorder,Natural Medicines
Mindfulness-Based Cognitive Therapy,Mindfulness-Based Cognitive Therapy,Natural Medicines
Mindfulness-Based Alzheimer Stimulation,Mindfulness-Based Alzheimer Stimulation,Integrative Nursing
Mindfulness-Based Exposure Therapy,Mindfulness-Based Exposure Therapy,Cochrane
Mindfulness-Based Art Therapy,Mindfulness-Based Art Therapy,Integrative Nursing
Aconite Cake-Separated Moxibustion,Aconite Cake-Separated Moxibustion,Natural Medicines
Acu-Moxi,Acu-Moxi,Natural Medicines
Acu-Moxibustion,Acu-Moxibustion,Natural Medicines
Angelica-Cake Moxibustion,Angelica-Cake Moxibustion,Natural Medicines
Bird-Pecking Moxibustion,Bird-Pecking Moxibustion,Natural Medicines
Chinetsukyu (Japanese),Chinetsukyu (Japanese),Natural Medicines
Cake-Separated Mild-Warm Moxibustion,Cake-Separated Mild-Warm Moxibustion,Natural Medicines
Cake-Separated Moxibustion,Cake-Separated Moxibustion,Natural Medicines
Circling Moxibustion,Circling Moxibustion,Natural Medicines
Cone Moxibustion,Cone Moxibustion,Natural Medicines
Cotton Sheet Moxibustion,Cotton Sheet Moxibustion,Natural Medicines
Crude Herb Moxibustion,Crude Herb Moxibustion,Natural Medicines
Direct Cone Moxibustion,Direct Cone Moxibustion,Natural Medicines
Drug-Separated Moxibustion,Drug-Separated Moxibustion,Natural Medicines
Du-Moxibustion,Du-Moxibustion,Natural Medicines
Dynamic Moxibustion,Dynamic Moxibustion,Natural Medicines
Electric Heating Moxibustion,Electric Heating Moxibustion,Natural Medicines
Electronic Moxibustion,Electronic Moxibustion,Natural Medicines
Electrothermal Bian-Stone Moxibustion,Electrothermal Bian-Stone Moxibustion,Natural Medicines
Fu-Yang Moxibustion,Fu-Yang Moxibustion,Natural Medicines
Garlic Moxibustion,Garlic Moxibustion,Natural Medicines
Ginger-Indirect Moxibustion,Ginger-Indirect Moxibustion,Natural Medicines
Ginger-Partitioned Moxibustion,Ginger-Partitioned Moxibustion,Natural Medicines
Ginger-Salt-Partitioned Moxibustion,Ginger-Salt-Partitioned Moxibustion,Natural Medicines
Ginger-Separated Moxibustion,Ginger-Separated Moxibustion,Natural Medicines
Governor Moxibustion,Governor Moxibustion,Natural Medicines
Grain-Shaped Moxibustion,Grain-Shaped Moxibustion,Natural Medicines
Hand Moxibustion,Hand Moxibustion,Natural Medicines
Hanging Moxibustion,Hanging Moxibustion,Natural Medicines
Heat-Sensitive Moxibustion,Heat-Sensitive Moxibustion,Natural Medicines
Herb-Cake Seperated Moxibustion,Herb-Cake Seperated Moxibustion,Natural Medicines
Herb-Partitioned Spread Moxibustion,Herb-Partitioned Spread Moxibustion,Natural Medicines
Herbal-Moxa Moxibustion,Herbal-Moxa Moxibustion,Natural Medicines
Indirect Moxibustion,Indirect Moxibustion,Natural Medicines
Infrared Laser Moxibustion,Infrared Laser Moxibustion,Natural Medicines
Isolated Moxibustion,Isolated Moxibustion,Natural Medicines
Isolated-Herbal Moxibustion,Isolated-Herbal Moxibustion,Natural Medicines
Kyutoshin (Japanese),Kyutoshin (Japanese),Natural Medicines
Laser Moxibustion,Laser Moxibustion,Natural Medicines
Long Snake Moxibustion,Long Snake Moxibustion,Natural Medicines
Medicated Thread Moxibustion,Medicated Thread Moxibustion,Natural Medicines
Medicated Threads Moxibustion of Zhuang Nationality,Medicated Threads Moxibustion of Zhuang Nationality,Natural Medicines
Mild Moxibustion,Mild Moxibustion,Natural Medicines
Mild-Warm Moxibustion,Mild-Warm Moxibustion,Natural Medicines
Monkshood Cake-Separated Mild-Warm Moxibustion,Monkshood Cake-Separated Mild-Warm Moxibustion,Natural Medicines
Moving Moxibustion,Moving Moxibustion,Natural Medicines
Moxa,Moxa,Natural Medicines
Moxa-Cone Moxibustion,Moxa-Cone Moxibustion,Natural Medicines
Moxa-Stick Moxibustion,Moxa-Stick Moxibustion,Natural Medicines
Moxibustion Box,Moxibustion Box,Natural Medicines
Okyu (Japanese),Okyu (Japanese),Natural Medicines
Panlong Moxibustion,Panlong Moxibustion,Natural Medicines
Partition-Bran Moxibustion,Partition-Bran Moxibustion,Natural Medicines
Partition-Herb Moxibustion,Partition-Herb Moxibustion,Natural Medicines
Pecking Moxibustion,Pecking Moxibustion,Natural Medicines
Rice-Sized Direct Moxa,Rice-Sized Direct Moxa,Natural Medicines
Snake Moxibustion,Snake Moxibustion,Natural Medicines
Solar-Term Moxibustion,Solar-Term Moxibustion,Natural Medicines
Sparrow-Pecking Moxibustion,Sparrow-Pecking Moxibustion,Natural Medicines
Substance-Partitioned Moxibustion,Substance-Partitioned Moxibustion,Natural Medicines
Suspended Moxibustion,Suspended Moxibustion,Natural Medicines
Thin Cotton Moxibustion,Thin Cotton Moxibustion,Natural Medicines
Thunder-Fire Moxibustion,Thunder-Fire Moxibustion,Natural Medicines
Tortoise-Shell Moxibustion,Tortoise-Shell Moxibustion,Natural Medicines
Traditional Box Moxibustion,Traditional Box Moxibustion,Natural Medicines
Warm-Needle Moxibustion,Warm-Needle Moxibustion,Natural Medicines
Warming Moxibustion,Warming Moxibustion,Natural Medicines
Warming Needle Moxibustion,Warming Needle Moxibustion,Natural Medicines
Warming-Cup Moxibustion,Warming-Cup Moxibustion,Natural Medicines
Zhuang Medicated Thread Moxibustion,Zhuang Medicated Thread Moxibustion,Natural Medicines
Musical Games,Musical Games,Natural Medicines
Orff-Based Music Therapy,Orff-Based Music Therapy,Natural Medicines
Lyric Analysis,Lyric Analysis,Natural Medicines
Musical Motor Feedback,Musical Motor Feedback,Natural Medicines
Evocative Music,Evocative Music,Natural Medicines
Expressive Therapy,Expressive Therapy,Natural Medicines
Ragas,Ragas,Natural Medicines
Lullaby Therapy,Lullaby Therapy,"Natural Medicines,MESH, Duke"
Dinner Music Intervention,Dinner Music Intervention,Natural Medicines
Mandalas,Mandalas,Natural Medicines
Interactive Music Therapy,Interactive Music Therapy,Natural Medicines
Active Music Therapy,Active Music Therapy,Natural Medicines
Music Stimulation,Music Stimulation,Natural Medicines
Music-Reinforced Therapy,Music-Reinforced Therapy,Natural Medicines
Group Chanting and Singing,Group Chanting and Singing,"Natural Medicines,SNOMED, Integrative Nursing, Duke, Cochrane"
Music Listening Intervention,Music Listening Intervention,"Natural Medicines,SNOMED, Integrative Nursing, Duke, Cochrane"
Musicokinetic Therapy,Musicokinetic Therapy,"Natural Medicines,SNOMED, Integrative Nursing, Duke, Cochrane"
Calming Music Therapy,Calming Music Therapy,"Natural Medicines,SNOMED, Integrative Nursing, Duke, Cochrane"
Music-Based Intervention,Music-Based Intervention,"Natural Medicines,SNOMED, Integrative Nursing, Duke, Cochrane"
Live Music Therapy,Live Music Therapy,"Natural Medicines,SNOMED, Integrative Nursing, Duke, Cochrane"
Group Drumming,Group Drumming,Natural Medicines
Instructional Music Therapy,Instructional Music Therapy,Natural Medicines
Improvisational Music Therapy,Improvisational Music Therapy,Natural Medicines
Music And Movement,Music And Movement,Natural Medicines
Music-Assisted Progressive Muscle Relaxation,Music-Assisted Progressive Muscle Relaxation,"Natural Medicines,Integrative Nursing, NCCIH, Lindquist"
Contingent Music,Contingent Music,"Natural Medicines,Cochrane"
Medical Resonance Therapy Music,Medical Resonance Therapy Music,"Natural Medicines,Integrative Nursing, Duke, Cochrane"
Music-Video Therapy,Music-Video Therapy,"Natural Medicines,Integrative Nursing, Mayo"
Music Exposure Therapy,Music Exposure Therapy,"Natural Medicines,Integrative Nursing, NCCIH, Lindquist"
Karaoke Therapy,Karaoke Therapy,"Natural Medicines,Integrative Nursing, NCCIH, Lindquist"
Individualized Music-Focused Auditory Therapy,Individualized Music-Focused Auditory Therapy,"Natural Medicines,Integrative Nursing, NCCIH, Lindquist, Cochrane"
Music-Assisted Reframing,Music-Assisted Reframing,Natural Medicines
Music-Based Imagery,Music-Based Imagery,"Natural Medicines,Integrative Nursing"
bathing,bathing,"Natural Medicines,Integrative Nursing, NCCIH, Lindquist"
gardening,gardening,"Natural Medicines,Duke"
Cochrane,Cochrane,Natural Medicines
Osteopathie,Osteopathie,"Natural Medicines,Integrative Nursing, Lindquist, Cochrane"
Noetic Therapy,Noetic Therapy,"Natural Medicines,MESH, Cochrane"
Divining,Divining,Natural Medicines
Compassion and Healing,Compassion and Healing,Natural Medicines
Faith Healing,Faith Healing,Natural Medicines
Intercessory Prayer,Intercessory Prayer,"Natural Medicines,Integrative Nursing, NCCIH, Lindquist"
Compassionate Intention,Compassionate Intention,"Natural Medicines,Integrative Nursing, NCCIH, Lindquist"
Remote Healing,Remote Healing,Natural Medicines
Native American Faith Healing,Native American Faith Healing,"Natural Medicines,Integrative Nursing, Cochrane"
Acceptance and Commitment Therapy,Acceptance and Commitment Therapy,"Natural Medicines,Cochrane"
Chan Mi Gong,Chan Mi Gong,"Natural Medicines,Integrative Nursing, NCCIH, Lindquist"
Dongeui Qi Gong,Dongeui Qi Gong,Natural Medicines
Qi Gong Yangsheng,Qi Gong Yangsheng,Natural Medicines
External Qi Gong Therapy,External Qi Gong Therapy,Natural Medicines
Yi Jia Gong,Yi Jia Gong,Natural Medicines
Biyun Method,Biyun Method,"Natural Medicines,Cochrane"
Guolin,Guolin,Natural Medicines
Dantian,Dantian,Natural Medicines
Qigong Healer,Qigong Healer,"Natural Medicines,Cochrane"
Biyun Qi Gong,Biyun Qi Gong,"Natural Medicines,NCCIH, Lindquist, Integrative Nursing, Mayo, Duke"
Eight-Section Brocades Qi Gong,Eight-Section Brocades Qi Gong,Natural Medicines
Five Animals Qi Gong,Five Animals Qi Gong,Natural Medicines
Daoyin Qi Gong,Daoyin Qi Gong,Natural Medicines
Ba Duan Jin,Ba Duan Jin,"Natural Medicines,SNOMED, Cochrane"
Ear Reflexology,Ear Reflexology,Natural Medicines
Hand Reflexology,Hand Reflexology,"Natural Medicines,Integrative Nursing"
Foot Reflexology,Foot Reflexology,Natural Medicines
Foot Therapy,Foot Therapy,Natural Medicines
Lymphatic Reflexology,Lymphatic Reflexology,Natural Medicines
Reflexologist,Reflexologist,Natural Medicines
Buddhist Reiki,Buddhist Reiki,Natural Medicines
Applied Relaxation,Applied Relaxation,Natural Medicines
Relaxation Training,Relaxation Training,Natural Medicines
Abbreviated Muscle Relaxation Therapy,Abbreviated Muscle Relaxation Therapy,Natural Medicines
Rolfing Structural Integration,Rolfing Structural Integration,Natural Medicines
Rolfer,Rolfer,Natural Medicines
Namikoshi Shiatsu,Namikoshi Shiatsu,Natural Medicines
Tao Shiatsu,Tao Shiatsu,Natural Medicines
Shiatsu Japonais,Shiatsu Japonais,Natural Medicines
Meridian Shiatsu,Meridian Shiatsu,Natural Medicines
Finger Pressure,Finger Pressure,Natural Medicines
Quantum Shiatsu,Quantum Shiatsu,Natural Medicines
Japanese Shiatsu,Japanese Shiatsu,Natural Medicines
Ohashiatsu,Ohashiatsu,Natural Medicines
Shiatsu Ryoho,Shiatsu Ryoho,Natural Medicines
Shiatsupractor,Shiatsupractor,Natural Medicines
Zen Shiatsu,Zen Shiatsu,Natural Medicines
Tsubo Shiatsu,Tsubo Shiatsu,Natural Medicines
Jaladhara,Jaladhara,Natural Medicines
Thyladhara,Thyladhara,Natural Medicines
Ksheeradhara,Ksheeradhara,Natural Medicines
Thakradhara,Thakradhara,"Natural Medicines,Integrative Nursing"
Ayurvedic Shirodhara,Ayurvedic Shirodhara,Natural Medicines
bereavement group,bereavement group,Natural Medicines
Ceremonies,Ceremonies,Natural Medicines
Art Martial Interne,Art Martial Interne,Natural Medicines
Moving Meditation,Moving Meditation,"Natural Medicines,Integrative Nursing, NCCIH, Lindquist, Mayo, Duke, Cochrane"
Internal Martial Art,Internal Martial Art,Natural Medicines
Trager Psychophysical Integration Therapy,Trager Psychophysical Integration Therapy,Natural Medicines
Massage Trager,Massage Trager,Natural Medicines
Terapia Trager,Terapia Trager,Natural Medicines
Trager Re-education Therapy,Trager Re-education Therapy,Natural Medicines
Approche Pyscho-corporelle,Approche Pyscho-corporelle,Natural Medicines
Mentastics,Mentastics,Natural Medicines
Trager Mentastics,Trager Mentastics,Natural Medicines
Acupoint Electrical Stimulation,Acupoint Electrical Stimulation,Natural Medicines
Acupuncture Point Stimulation,Acupuncture Point Stimulation,Natural Medicines
Acustimulation Wristbands,Acustimulation Wristbands,Natural Medicines
Transcutaneous Acupoint Electrical Stimulation,Transcutaneous Acupoint Electrical Stimulation,Natural Medicines
Positional Release Therapy,Positional Release Therapy,Natural Medicines
Dry Needling,Dry Needling,Natural Medicines
Deep Dry Needling,Deep Dry Needling,Natural Medicines
Trigger Point Management,Trigger Point Management,Natural Medicines
Trigger Point Injection,Trigger Point Injection,Natural Medicines
Reflex locomotion,Reflex locomotion,Cochrane
Laughter Yoga,Laughter Yoga,"Natural Medicines,Cochrane"
Pranayama,Pranayama,Natural Medicines
Sudarshana Kriya Yoga,Sudarshana Kriya Yoga,Natural Medicines
Kripalu Yoga,Kripalu Yoga,Natural Medicines
Yoga Bikram,Yoga Bikram,Natural Medicines
Yoga Meditation,Yoga Meditation,Natural Medicines
Ashtanga,Ashtanga,Duke
Yoga breathing and gentle stretching,Yoga breathing and gentle stretching,Integrative nursing
Tibetan Yoga,Tibetan Yoga,Natural Medicines
Chair yoga,Chair yoga,Integrative Nursing
Sivananda Yoga,Sivananda Yoga,Natural Medicines
Hot Yoga,Hot Yoga,Natural Medicines
Tantra Yoga,Tantra Yoga,Natural Medicines
Vinyasa Yoga,Vinyasa Yoga,Natural Medicines
Ashtanga Yoga,Ashtanga Yoga,Natural Medicines
Creative Yoga,Creative Yoga,Natural Medicines
Bikram,Bikram,Duke
Relaxing Yoga,Relaxing Yoga,Natural Medicines
Yoga Practice,Yoga Practice,Natural Medicines
Iyengar,Iyengar,Duke
Power Yoga,Power Yoga,Natural Medicines
Relaxation Yogique,Relaxation Yogique,Natural Medicines
Bikram Yoga,Bikram Yoga,Natural Medicines
Yoga Iyengar,Yoga Iyengar,Natural Medicines
Surya Namaskara,Surya Namaskara,Natural Medicines
Asana,Asana,Natural Medicines
Yoga de Relaxation,Yoga de Relaxation,Natural Medicines
Karma,Karma,"Natural Medicines,Duke"
Kundalini Yyoga,Kundalini Yyoga,Natural Medicines
Yogic Training,Yogic Training,Natural Medicines
Yoga Chaud,Yoga Chaud,Natural Medicines
Viniyoga,Viniyoga,Natural Medicines
Yoga Exercise,Yoga Exercise,Natural Medicines
Yoga Tantrique,Yoga Tantrique,Natural Medicines
Iyengar Yoga,Iyengar Yoga,Natural Medicines
Jinana Yoga,Jinana Yoga,Natural Medicines
Sahaj Yoga,Sahaj Yoga,Natural Medicines
Yoga Therapy,Yoga Therapy,Natural Medicines
Yoga Nidra,Yoga Nidra,Natural Medicines
Exercice de Yoga,Exercice de Yoga,Natural Medicines
Hatha Yoga,Hatha Yoga,Natural Medicines
Hatha,Hatha,Duke
Yogasana,Yogasana,Natural Medicines
Direct Vibration,Direct Vibration,Natural Medicines
Focal Muscle Vibration,Focal Muscle Vibration,Natural Medicines
Local Vibration Therapy,Local Vibration Therapy,Natural Medicines
Low Frequency Sound Stimulation,Low Frequency Sound Stimulation,Natural Medicines
Physioacoustic Vibration,Physioacoustic Vibration,Natural Medicines
Rhythmic Sensory Stimulation,Rhythmic Sensory Stimulation,Natural Medicines
Sound Vibrational Therapy,Sound Vibrational Therapy,Natural Medicines
Sound Wave Vibrational Therapy,Sound Wave Vibrational Therapy,Natural Medicines
Vibration Foam Rolling,Vibration Foam Rolling,Natural Medicines
Vibration Healing,Vibration Healing,Natural Medicines
Vibration Training,Vibration Training,Natural Medicines
Vibroacoustic Therapy,Vibroacoustic Therapy,Natural Medicines
Electroacupuncture,Electroacupuncture,"Natural Medicines,MESH, Cochrane, Duke, Lindquist"
Electroacupuncture,Electro-acupuncture,"Duke, Cochrane, MESH"
Equine Therapy,Equine Therapy,Natural Medicines
Equine Therapy,Equine-Assisted Activity,Natural Medicines
Equine Therapy,Equine-Assisted Activities and Therapies,Natural Medicines
Horse-Riding Therapy,Therapeutic Horseback Riding,"Natural Medicines,Integrative Nursing, Lindquist, Mayo"
Horse-Riding Therapy,Horse-Riding Therapy,Natural Medicines
Horse-Riding Therapy,Hippotherapy,"Natural Medicines,Cochrane"
Canine Therapy,Dog-Assisted Therapy,Natural Medicines
Canine Therapy,Canine Therapy,Natural Medicines
Autogenic Relaxation,Autogenic Relaxation,Natural Medicines
Autogenic Relaxation,Autogenic Relaxation Technique,"Natural Medicines,Mayo"
Autogenic Relaxation,Autogenic Relaxation Training,"Natural Medicines,Integrative Nursing, NCCIH, Lindquist"
Electromyography Biofeedback,Electromyography Biofeedback,"Natural Medicines,Integrative Nursing"
Gem Therapy,Gem Therapy,Natural Medicines
Gem Therapy,Gemstone Therapy,Natural Medicines
Face Training,Face Training,"Natural Medicines,NCCIH, Mayo, Duke, Cochrane"
Face Training,Facial Training,Natural Medicines
Attentional Focus and Symptom Management Intervention,Attentional Focus and Symptom Management Intervention,Natural Medicines
Ultraviolet Therapy,Ultraviolet Therapy,Natural Medicines
Pulsed Electromagnetic Field Therapy,Pulsed Electromagnetic Field Therapy,"Natural Medicines,Cochrane"
Guided Imagery and Music,Guided Imagery and Music,Natural Medicines
Baduanjin Qi Gong,Baduanjin Qi Gong,Natural Medicines
Baduanjin Qi Gong,Baduanjin,"Natural Medicines,Cochrane"
Japanese Reiki,Japanese Reiki,Natural Medicines
Japanese Reiki,Reiki Japonais,Natural Medicines
Whole Body Vibration Therapy,Whole Body Vibration Exercise,Natural Medicines
Whole Body Vibration Therapy,Whole Body Vibration Therapy,Natural Medicines
Whole Body Vibration Therapy,Whole-body vibration therapy,Cochrane
Raja Yoga,Raja Yoga,Natural Medicines
Raja Yoga,Raja,Duke
Bhakti Yoga,Bhakti Yoga,"Natural Medicines,Duke"
Bhakti Yoga,Bhakti,"Natural Medicines,Duke"
Foot Massage,Foot Massage,"Natural Medicines,Integrative Nursing, NCCIH, Lindquist"
Foot Massage,Foot Reflexion Massage,Natural Medicines